Datum,Titel,Organizer,Ort,Beschreibung,Publish
2026-02-28,Skiausfahrt,Musikkapelle Lyra Herrenzimmern e.V.,Skibus,,True
2026-02-18,Fischessen,Angelverein Bösingen e.V.,Vereinsheim,Traditionelles Fischessen des Angelvereins,False
2026-03-01,Kinderumzug Bösingen,,Bösingen,Fasnetszug mit Kindern,False
2026-03-01,Rosenmontagsumzug Bösingen,,Bösingen,Fasnetsumzug,False
2026-03-02,Rosenmontagsumzug Herrenzimmern,,Herrenzimmern,Fasnetsumzug,False
2026-03-03,Fasnetsdienstagsumzug Herrenzimmern,,Herrenzimmern,Fasnetsumzug,False
2026-03-15,Generalversammlung NaturAktiv Bösingen e.V.,NaturAktiv Bösingen e.V.,Vereinsheim,Mitgliederversammlung,False
2026-04-18,Wanderung zum Funkenfeuer nach Villingendorf,NaturAktiv Bösingen e.V.,Villingendorf,Gemeinsame Wanderung,False
2026-05-09,Jahreshauptversammlung - Schützenverein Herrenzimmern,Schützenverein Herrenzimmern,Vereinsheim,Mitgliederversammlung,False
